{"accuracy": [0.9960050582885742, 0.9973083734512329, 0.9976972341537476, 0.9979134202003479, 0.9980503916740417, 0.9981448650360107, 0.998255729675293, 0.9983258247375488, 0.9983971118927002, 0.9984549283981323], "dice_coefficient": [0.671778678894043, 0.772505521774292, 0.8022757172584534, 0.8187585473060608, 0.8289015293121338, 0.8367817997932434, 0.8455007672309875, 0.8529839515686035, 0.8593298196792603, 0.8634909391403198], "iou_metric": [0.534636914730072, 0.6510327458381653, 0.6898482441902161, 0.7124561071395874, 0.7270017862319946, 0.737758219242096, 0.7507068514823914, 0.7608675360679626, 0.7698947787284851, 0.7760617733001709], "loss": [0.011822830885648727, 0.007271788083016872, 0.006147709209471941, 0.005520856007933617, 0.005121421068906784, 0.004833088256418705, 0.004525571595877409, 0.00432001706212759, 0.004106395877897739, 0.0039485739544034], "val_accuracy": [0.9972404837608337, 0.9977017641067505, 0.997728168964386, 0.9979865550994873, 0.9980831146240234, 0.9981210231781006, 0.9981916546821594, 0.9982454776763916, 0.9983792304992676, 0.9984128475189209], "val_dice_coefficient": [0.7402578592300415, 0.799124538898468, 0.8019393086433411, 0.8219150304794312, 0.8179184198379517, 0.8286146521568298, 0.8477500677108765, 0.8353078365325928, 0.8565624952316284, 0.8552275896072388], "val_iou_metric": [0.6102559566497803, 0.6867242455482483, 0.6902502775192261, 0.717011034488678, 0.7121543884277344, 0.7263151407241821, 0.7535918354988098, 0.7354328036308289, 0.7663630843162537, 0.7641651034355164], "val_loss": [0.007569154724478722, 0.006026627030223608, 0.006035131867974997, 0.005301075056195259, 0.005077337380498648, 0.004941574763506651, 0.004759502597153187, 0.0045483787544071674, 0.0042065284214913845, 0.0041008610278368]}